{"vertexPositions" : [-6.000000,-6.000000,-0.400000,-6.000000,-6.000000,0.400000,-6.000000,6.000001,0.400000,-6.000000,5.999999,-0.400000,6.000000,-6.000003,-0.400000,6.000000,-5.999997,0.400000,6.000000,6.000001,0.400000,6.000000,5.999999,-0.400000],"vertexNormals" : [-1.0000,0.0000,0.0000,1.0000,0.0000,0.0000,-0.0000,-1.0000,0.0000,-0.0000,0.0000,1.0000,-0.0000,1.0000,-0.0000,0.0000,-0.0000,-1.0000,-1.0000,0.0000,0.0000,1.0000,0.0000,0.0000],"vertexTextureCoords" : [0.0, 0.0, 1.0, 1.0, 1.0, 0.0, 0.0, 1.0,0.0, 0.0, 1.0, 1.0, 1.0, 0.0, 0.0, 1.0,0.0, 0.0, 1.0, 1.0, 1.0, 0.0, 0.0, 1.0,0.0, 0.0, 1.0, 1.0, 1.0, 0.0, 0.0, 1.0,0.0, 0.0, 1.0, 1.0, 1.0, 0.0, 0.0, 1.0,0.0, 0.0, 1.0, 1.0, 1.0, 0.0, 0.0, 1.0],"indices" : [1, 0, 3, 3, 2, 1,7, 4, 5, 5, 6, 7,4, 0, 1, 1, 5, 4,5, 1, 2, 2, 6, 5,2, 3, 7, 7, 6, 2,0, 4, 7, 7, 3, 0]}